{"cameraMode":{"drawMode":0,"name":"Shaded","section":"Shading Mode"},"sceneLighting":false,"audioPlay":false,"sceneViewState":{"showFog":true,"showMaterialUpdate":false,"showSkybox":false,"showFlares":true,"showImageEffects":true,"showParticleSystems":true},"in2DMode":false,"pivot":{"x":-23.805248260498048,"y":7.642370700836182,"z":-15.881129264831543},"rotation":{"x":-0.14131224155426026,"y":0.781536340713501,"z":-0.19151124358177186,"w":-0.5766794085502625},"size":19.367759704589845,"orthographic":false}